{
  "amplitude": 1.0,
  "diagnostics": {
    "energy_end": 0.0005103257171433807,
    "energy_start": 0.0005121844578209199,
    "enstrophy_end": 0.004630323345215633,
    "enstrophy_growth_rate_max": -0.00016452577458692095,
    "enstrophy_growth_rate_peak_t": 0.2,
    "enstrophy_start": 0.004663394790994886,
    "max_divergence": 5.0094155932432094e-18,
    "omega_inf_max": 0.8784705962132187,
    "omega_inf_peak_t": 0.0,
    "omega_l2_mean_max": 0.09657530523891587,
    "omega_l2_mean_peak_t": 0.0,
    "rows": 17,
    "spectrum_tail_max": 0.012796521713339665,
    "spectrum_tail_peak_t": 0.0,
    "t_end": 0.2,
    "t_start": 0.0
  },
  "dt": 0.0025,
  "elapsed_seconds": 1.0625015418045223,
  "integrator": "ifrk4",
  "n": 24,
  "not_blowup_evidence": true,
  "nu": 0.001,
  "pass_divergence": true,
  "sample_every": 5,
  "scenario": "houluo",
  "t_end": 0.2
}
