{
  "amplitude": 1.0,
  "diagnostics": {
    "energy_end": 0.37332979900574714,
    "energy_start": 0.375,
    "enstrophy_end": 4.287139658361713,
    "enstrophy_growth_rate_max": 1.6894600912211628,
    "enstrophy_growth_rate_peak_t": 0.2,
    "enstrophy_start": 4.125,
    "max_divergence": 3.550059391259715e-17,
    "omega_inf_max": 8.00000000000001,
    "omega_inf_peak_t": 0.0,
    "omega_l2_mean_max": 2.928187035816433,
    "omega_l2_mean_peak_t": 0.2,
    "rows": 17,
    "spectrum_tail_max": 0.0011981796655060764,
    "spectrum_tail_peak_t": 0.2,
    "t_end": 0.2,
    "t_start": 0.0
  },
  "dt": 0.0025,
  "elapsed_seconds": 1.0180438752286136,
  "integrator": "ifrk4",
  "n": 24,
  "not_blowup_evidence": true,
  "nu": 0.001,
  "pass_divergence": true,
  "sample_every": 5,
  "scenario": "kida",
  "t_end": 0.2
}
