{
  "alpha": 0.4,
  "blowup_weight_delta": 0.15,
  "delta": 0.05,
  "dtau": 0.002,
  "elapsed_seconds": 0.01816924987360835,
  "lambda_base": 2.0,
  "max_rk_steps": 1136,
  "model": "exogenously_truncated_dyadic_cascade_proxy",
  "n0": 40,
  "not_full_tao_averaged_operator": true,
  "not_true_nse": true,
  "physical_dt_first": 2.066371962428067e-12,
  "physical_dt_last": 4.917854320186474e-19,
  "physical_dt_ratio_last_first": 2.3799463066696885e-07,
  "physical_time_end": 4.225908301891573e-12,
  "reached_all_targets": true,
  "tau_max": 100.0,
  "transfers_completed": 24,
  "transfers_requested": 24,
  "weighted_receiver_end": 304.43871339451493,
  "weighted_receiver_growth": 4.924455658816813,
  "weighted_receiver_start": 61.82180011093078
}
